year,tweets,users,tweets:user,original tweets:user,retweets:user,unedited retweets:user,edited retweets:user,genuine @replies:user,URLs:user,users:tweets,original tweets,genuine @replies,retweets,unedited retweets,edited retweets,URLs,% original tweets,% genuine @replies,% retweets,% unedited retweets,% edited retweets,% URLs,number of current users from least active 90% (< 2 tweets),% of current users from least active 90% (< 2 tweets),number of tweets from least active 90% (< 2 tweets),% of tweets from least active 90% (< 2 tweets),number of current users from > 90% group (> 1 tweets; 80 of 458 users),% of current users from > 90% group (> 1 tweets; 80 of 458 users),tweets from > 90% group (> 1 tweets; 80 of 458 users),% of tweets from > 90% group (> 1 tweets; 80 of 458 users),number of current users from > 99% group (> 8 tweets; 6 of 458 users),% of current users from > 99% group (> 8 tweets; 6 of 458 users),tweets from > 99% group (> 8 tweets; 6 of 458 users),% of tweets from > 99% group (> 8 tweets; 6 of 458 users)
2013,700,458,1.52838,0.00873362,0.882096,0,0.882096,0.637555,0.626638,0.654286,4,292,404,,404,287,0.00571429,0.417143,0.577143,0,0.577143,0.41,372,0.812227,372,0.531429,80,0.174672,237,0.338571,6,0.0131004,91,0.13


percentile,tweets,tweets:total tweets,original tweets,original tweets:tweets,@replies,@replies:tweets,genuine @replies,genuine @replies:tweets,retweets,retweets:tweets,unedited retweets,unedited retweets:tweets,edited retweets,edited retweets:tweets,URLs,URLs:tweets
users > 0% (>= 0 tweets; 373 of 458 users),372,0.531429,4,0.0107527,368,0.989247,157,0.422043,211,0.567204,,0,211,0.567204,153,0.41129
users > 90% (>= 2 tweets; 80 of 458 users),237,0.338571,0,0,237,1,56,0.236287,181,0.763713,,0,181,0.763713,89,0.375527
users > 99% (>= 9 tweets; 6 of 458 users),91,0.13,0,0,91,1,79,0.868132,12,0.131868,,0,12,0.131868,45,0.494505
all 458 users,700,1,4,0.00571429,696,0.994286,292,0.417143,404,0.577143,,0,404,0.577143,287,0.41


user,percentile,tweets,original tweets,% original tweets,@replies,% @replies,genuine @replies,% genuine @replies,retweets,% retweets,unedited retweets,% unedited retweets,edited retweets,% edited retweets,URLs,% URLs,@replies received,@replies received:sent tweets,genuine @replies received,% genuine @replies received,genuine @replies received:sent tweets,retweets received,% retweets received,retweets received:sent tweets,unedited retweets received,% unedited retweets received,unedited retweets received:sent tweets,edited retweets received,% edited retweets received,edited retweets received:sent tweets
 TYSM FREDO ILY,> 0%,1,0,0,1,1,0,0,1,1,,0,1,1,1,1,0,0,0,,0,,,0,,,0,0,,0
 Pray For Justin  ∞♥,> 0%,1,0,0,1,1,1,1,,0,,0,0,0,,0,0,0,0,,0,,,0,,,0,0,,0
 Andrea Gonzalez ♥,> 0%,1,0,0,1,1,0,0,1,1,,0,1,1,1,1,0,0,0,,0,,,0,,,0,0,,0
 julia,> 0%,1,0,0,1,1,0,0,1,1,,0,1,1,1,1,0,0,0,,0,,,0,,,0,0,,0
saraembieber,none,0,0,,,,0,,,,,,0,,,,2,,1,0.5,,1,0.5,,0,0,,1,0.5,
 Put you down,> 90%,7,0,0,7,1,0,0,7,1,,0,7,1,4,0.571429,0,0,0,,0,,,0,,,0,0,,0
 MIDNIGHT MEMORIES i,> 0%,1,0,0,1,1,1,1,,0,,0,0,0,,0,0,0,0,,0,,,0,,,0,0,,0
 Myriam PYD Bieber,> 0%,1,0,0,1,1,1,1,,0,,0,0,0,,0,0,0,0,,0,,,0,,,0,0,,0
 music mondays,> 0%,1,0,0,1,1,0,0,1,1,,0,1,1,1,1,0,0,0,,0,,,0,,,0,0,,0
shots,none,0,0,,,,0,,,,,,0,,,,3,,3,1,,0,0,,0,0,,0,0,
_amy_parkins,none,0,0,,,,0,,,,,,0,,,,1,,0,0,,1,1,,0,0,,1,1,
 Beatriz Prioste,> 0%,1,0,0,1,1,0,0,1,1,,0,1,1,,0,0,0,0,,0,,,0,,,0,0,,0
 Jules,> 0%,1,0,0,1,1,0,0,1,1,,0,1,1,1,1,0,0,0,,0,,,0,,,0,0,,0
 ♌,> 0%,1,0,0,1,1,0,0,1,1,,0,1,1,1,1,0,0,0,,0,,,0,,,0,0,,0
 Jocelyn Decuir,> 0%,1,0,0,1,1,1,1,,0,,0,0,0,,0,0,0,0,,0,,,0,,,0,0,,0
 inlovewithjuju,> 0%,1,0,0,1,1,0,0,1,1,,0,1,1,1,1,0,0,0,,0,,,0,,,0,0,,0
 ♛Honeymoon avenue ♚,> 0%,1,0,0,1,1,0,0,1,1,,0,1,1,,0,0,0,0,,0,,,0,,,0,0,,0
jdbchickz,none,0,0,,,,0,,,,,,0,,,,2,,0,0,,2,1,,0,0,,2,1,
 Smile Kidrauhl:)Supi,> 0%,1,0,0,1,1,0,0,1,1,,0,1,1,,0,0,0,0,,0,,,0,,,0,0,,0
ETonlineAlert,none,0,0,,,,0,,,,,,0,,,,1,,0,0,,1,1,,0,0,,1,1,
rebekahhara,none,0,0,,,,0,,,,,,0,,,,1,,1,1,,0,0,,0,0,,0,0,
 ,> 90%,7,0,0,7,1,2,0.285714,5,0.714286,,0,5,0.714286,2,0.285714,0,0,0,,0,,,0,,,0,0,,0
 Confident △,> 0%,1,0,0,1,1,0,0,1,1,,0,1,1,1,1,0,0,0,,0,,,0,,,0,0,,0
 HARRRRRRRRRRRRRY!,> 0%,1,0,0,1,1,0,0,1,1,,0,1,1,,0,0,0,0,,0,,,0,,,0,0,,0
 ♕,> 0%,1,0,0,1,1,0,0,1,1,,0,1,1,,0,0,0,0,,0,,,0,,,0,0,,0
 follow me Justin,> 0%,1,0,0,1,1,1,1,,0,,0,0,0,,0,0,0,0,,0,,,0,,,0,0,,0
  ,> 90%,4,0,0,4,1,1,0.25,3,0.75,,0,3,0.75,3,0.75,0,0,0,,0,,,0,,,0,0,,0
 ProudBELIEBER,> 0%,1,0,0,1,1,0,0,1,1,,0,1,1,1,1,0,0,0,,0,,,0,,,0,0,,0
 Dilara Atan,> 0%,1,0,0,1,1,1,1,,0,,0,0,0,,0,0,0,0,,0,,,0,,,0,0,,0
 Björn,> 0%,1,0,0,1,1,0,0,1,1,,0,1,1,1,1,0,0,0,,0,,,0,,,0,0,,0
 té moch lol,> 0%,1,0,0,1,1,0,0,1,1,,0,1,1,,0,0,0,0,,0,,,0,,,0,0,,0
 tay,> 0%,1,0,0,1,1,0,0,1,1,,0,1,1,1,1,0,0,0,,0,,,0,,,0,0,,0
 ♡PYD♡,> 90%,5,0,0,5,1,1,0.2,4,0.8,,0,4,0.8,2,0.4,0,0,0,,0,,,0,,,0,0,,0
 ♡,> 0%,1,0,0,1,1,0,0,1,1,,0,1,1,,0,0,0,0,,0,,,0,,,0,0,,0
 ∞belieber∞,> 0%,1,0,0,1,1,0,0,1,1,,0,1,1,,0,0,0,0,,0,,,0,,,0,0,,0
 I MET HIM !!∞ ❤️,> 0%,1,0,0,1,1,0,0,1,1,,0,1,1,1,1,0,0,0,,0,,,0,,,0,0,,0
 Justin Bieber Lovers,> 0%,1,0,0,1,1,0,0,1,1,,0,1,1,,0,0,0,0,,0,,,0,,,0,0,,0
 36 DAYS!! '♡,> 90%,2,0,0,2,1,0,0,2,1,,0,2,1,2,1,0,0,0,,0,,,0,,,0,0,,0
 Daniel,> 0%,1,0,0,1,1,1,1,,0,,0,0,0,,0,0,0,0,,0,,,0,,,0,0,,0
 Naomi Bello♥,> 0%,1,0,0,1,1,0,0,1,1,,0,1,1,1,1,0,0,0,,0,,,0,,,0,0,,0
 diana,> 0%,1,0,0,1,1,1,1,,0,,0,0,0,,0,0,0,0,,0,,,0,,,0,0,,0
 sachina belieber,> 0%,1,0,0,1,1,0,0,1,1,,0,1,1,1,1,0,0,0,,0,,,0,,,0,0,,0
ChaskaBorek,none,0,0,,,,0,,,,,,0,,,,1,,0,0,,1,1,,0,0,,1,1,
Tyga,none,0,0,,,,0,,,,,,0,,,,1,,0,0,,1,1,,0,0,,1,1,
 dream and achieve,> 0%,1,0,0,1,1,1,1,,0,,0,0,0,,0,0,0,0,,0,,,0,,,0,0,,0
 Siuśki Dinozaura ,> 0%,1,0,0,1,1,1,1,,0,,0,0,0,,0,0,0,0,,0,,,0,,,0,0,,0
HarrehBeau,none,0,0,,,,0,,,,,,0,,,,1,,1,1,,0,0,,0,0,,0,0,
 roksana 3,> 90%,2,0,0,2,1,0,0,2,1,,0,2,1,1,0.5,0,0,0,,0,,,0,,,0,0,,0
ShowStopBieber,none,0,0,,,,0,,,,,,0,,,,3,,0,0,,3,1,,0,0,,3,1,
 sydni smith ♛,> 0%,1,0,0,1,1,1,1,,0,,0,0,0,,0,0,0,0,,0,,,0,,,0,0,,0
 Geetika,> 0%,1,0,0,1,1,0,0,1,1,,0,1,1,,0,0,0,0,,0,,,0,,,0,0,,0
 On Hershkovits,> 90%,2,0,0,2,1,2,1,,0,,0,0,0,,0,0,0,0,,0,,,0,,,0,0,,0
 #Beliebers con #swag,> 90%,2,0,0,2,1,0,0,2,1,,0,2,1,,0,0,0,0,,0,,,0,,,0,0,,0
 Emma ♡ ,> 0%,1,0,0,1,1,0,0,1,1,,0,1,1,1,1,0,0,0,,0,,,0,,,0,0,,0
 Millie Joshua,> 0%,1,0,0,1,1,1,1,,0,,0,0,0,,0,0,0,0,,0,,,0,,,0,0,,0
 Queen B ✨,> 0%,1,0,0,1,1,1,1,,0,,0,0,0,,0,0,0,0,,0,,,0,,,0,0,,0
 c,> 0%,1,0,0,1,1,1,1,,0,,0,0,0,,0,0,0,0,,0,,,0,,,0,0,,0
 kouri,> 0%,1,0,0,1,1,0,0,1,1,,0,1,1,,0,0,0,0,,0,,,0,,,0,0,,0
 PYD ♥  ,> 0%,1,0,0,1,1,1,1,,0,,0,0,0,,0,0,0,0,,0,,,0,,,0,0,,0
 Kiah,> 90%,2,0,0,2,1,1,0.5,1,0.5,,0,1,0.5,2,1,0,0,0,,0,,,0,,,0,0,,0
kalunga_justine,none,0,0,,,,0,,,,,,0,,,,1,,0,0,,1,1,,0,0,,1,1,
 ♡marry me mr.Styles♡,> 0%,1,0,0,1,1,0,0,1,1,,0,1,1,1,1,0,0,0,,0,,,0,,,0,0,,0
 m,> 90%,5,0,0,5,1,2,0.4,3,0.6,,0,3,0.6,2,0.4,0,0,0,,0,,,0,,,0,0,,0
 justinbiebercrew.com,> 90%,2,0,0,2,1,0,0,2,1,,0,2,1,,0,0,0,0,,0,,,0,,,0,0,,0
 #ArgentinaPrayForJB♥,> 0%,1,0,0,1,1,0,0,1,1,,0,1,1,1,1,0,0,0,,0,,,0,,,0,0,,0
 1D Updates,> 0%,1,0,0,1,1,1,1,,0,,0,0,0,1,1,0,0,0,,0,,,0,,,0,0,,0
 Justin Bieber,> 90%,6,0,0,6,1,5,0.833333,1,0.166667,,0,1,0.166667,1,0.166667,0,0,0,,0,,,0,,,0,0,,0
 Gabriela Lujan :3,> 0%,1,0,0,1,1,1,1,,0,,0,0,0,1,1,0,0,0,,0,,,0,,,0,0,,0
 hood,> 0%,1,0,0,1,1,1,1,,0,,0,0,0,1,1,0,0,0,,0,,,0,,,0,0,,0
getrealx,none,0,0,,,,0,,,,,,0,,,,2,,0,0,,2,1,,0,0,,2,1,
 PYD ,> 90%,2,0,0,2,1,0,0,2,1,,0,2,1,2,1,0,0,0,,0,,,0,,,0,0,,0
 The Future OLLG,> 0%,1,0,0,1,1,1,1,,0,,0,0,0,1,1,0,0,0,,0,,,0,,,0,0,,0
 Buse Çakmak ,> 90%,4,0,0,4,1,4,1,,0,,0,0,0,,0,0,0,0,,0,,,0,,,0,0,,0
 louisilenced,> 0%,1,0,0,1,1,0,0,1,1,,0,1,1,1,1,0,0,0,,0,,,0,,,0,0,,0
iTunesMusic,none,0,0,,,,0,,,,,,0,,,,5,,0,0,,5,1,,0,0,,5,1,
 %#*@,> 0%,1,0,0,1,1,0,0,1,1,,0,1,1,1,1,0,0,0,,0,,,0,,,0,0,,0
 michelle navarrete,> 0%,1,0,0,1,1,0,0,1,1,,0,1,1,1,1,0,0,0,,0,,,0,,,0,0,,0
 ariana♡,> 0%,1,0,0,1,1,0,0,1,1,,0,1,1,1,1,0,0,0,,0,,,0,,,0,0,,0
 Queen @Muselshoux.,> 0%,1,0,0,1,1,1,1,,0,,0,0,0,,0,0,0,0,,0,,,0,,,0,0,,0
 ™5 INSPIRACIONES,> 0%,1,0,0,1,1,0,0,1,1,,0,1,1,1,1,0,0,0,,0,,,0,,,0,0,,0
 PYD.,> 0%,1,0,0,1,1,0,0,1,1,,0,1,1,1,1,0,0,0,,0,,,0,,,0,0,,0
 ♥HOY♥,> 90%,7,0,0,7,1,7,1,,0,,0,0,0,,0,0,0,0,,0,,,0,,,0,0,,0
 Coraline_Directioner,> 0%,1,0,0,1,1,1,1,,0,,0,0,0,,0,0,0,0,,0,,,0,,,0,0,,0
 He Had Me At Aye,> 0%,1,0,0,1,1,0,0,1,1,,0,1,1,1,1,0,0,0,,0,,,0,,,0,0,,0
 Justin Jerry,> 0%,1,0,0,1,1,1,1,,0,,0,0,0,,0,0,0,0,,0,,,0,,,0,0,,0
 lis kelly alves,> 0%,1,0,0,1,1,1,1,,0,,0,0,0,,0,0,0,0,,0,,,0,,,0,0,,0
 Ampy Castillo ∞♣,> 0%,1,0,0,1,1,0,0,1,1,,0,1,1,,0,0,0,0,,0,,,0,,,0,0,,0
 Sabrinaswag.,> 0%,1,0,0,1,1,1,1,,0,,0,0,0,,0,0,0,0,,0,,,0,,,0,0,,0
 B.,> 0%,1,0,0,1,1,0,0,1,1,,0,1,1,1,1,0,0,0,,0,,,0,,,0,0,,0
 November 9; best day,> 90%,2,0,0,2,1,0,0,2,1,,0,2,1,,0,0,0,0,,0,,,0,,,0,0,,0
 harry styles♡,> 0%,1,0,0,1,1,1,1,,0,,0,0,0,,0,0,0,0,,0,,,0,,,0,0,,0
onedirection,none,0,0,,,,0,,,,,,0,,,,12,,12,1,,0,0,,0,0,,0,0,
 :),> 0%,1,0,0,1,1,1,1,,0,,0,0,0,,0,0,0,0,,0,,,0,,,0,0,,0
 Mariana A. [MarioB❤],> 0%,1,0,0,1,1,0,0,1,1,,0,1,1,1,1,0,0,0,,0,,,0,,,0,0,,0
 1D Argentina2014 ❤,> 0%,1,0,0,1,1,1,1,,0,,0,0,0,,0,0,0,0,,0,,,0,,,0,0,,0
  Kláruš Bieberová,> 0%,1,0,0,1,1,0,0,1,1,,0,1,1,1,1,0,0,0,,0,,,0,,,0,0,,0
 Niall Horan,> 90%,2,0,0,2,1,2,1,,0,,0,0,0,,0,0,0,0,,0,,,0,,,0,0,,0
 Belieber∞ ,> 0%,1,0,0,1,1,0,0,1,1,,0,1,1,,0,0,0,0,,0,,,0,,,0,0,,0
 ACOUSTIC SESSIONS,> 90%,2,0,0,2,1,0,0,2,1,,0,2,1,,0,0,0,0,,0,,,0,,,0,0,,0
 nelli,> 0%,1,0,0,1,1,1,1,,0,,0,0,0,,0,0,0,0,,0,,,0,,,0,0,,0
thats0jack,none,0,0,,,,0,,,,,,0,,,,1,,0,0,,1,1,,0,0,,1,1,
 Believemovie,> 0%,1,0,0,1,1,1,1,,0,,0,0,0,,0,0,0,0,,0,,,0,,,0,0,,0
 Believe Tour,> 0%,1,0,0,1,1,0,0,1,1,,0,1,1,,0,0,0,0,,0,,,0,,,0,0,,0
motown,none,0,0,,,,0,,,,,,0,,,,12,,12,1,,0,0,,0,0,,0,0,
 Beatriz Chize ,> 0%,1,0,0,1,1,0,0,1,1,,0,1,1,,0,0,0,0,,0,,,0,,,0,0,,0
YahooMovies,none,0,0,,,,0,,,,,,0,,,,1,,0,0,,1,1,,0,0,,1,1,
 liz ✝,> 0%,1,0,0,1,1,0,0,1,1,,0,1,1,,0,0,0,0,,0,,,0,,,0,0,,0
 justin bieber ,> 0%,1,0,0,1,1,0,0,1,1,,0,1,1,,0,0,0,0,,0,,,0,,,0,0,,0
 Ailed ,> 0%,1,0,0,1,1,1,1,,0,,0,0,0,,0,0,0,0,,0,,,0,,,0,0,,0
 Unicorn babe ,> 0%,1,0,0,1,1,0,0,1,1,,0,1,1,1,1,0,0,0,,0,,,0,,,0,0,,0
JustinUnVicio,none,0,0,,,,0,,,,,,0,,,,1,,1,1,,0,0,,0,0,,0,0,
 Shasteem,> 90%,2,0,0,2,1,0,0,2,1,,0,2,1,1,0.5,0,0,0,,0,,,0,,,0,0,,0
 Vidisha Mishra ,> 0%,1,0,0,1,1,1,1,,0,,0,0,0,,0,0,0,0,,0,,,0,,,0,0,,0
1997MariaBieber,none,0,0,,,,0,,,,,,0,,,,26,,26,1,,0,0,,0,0,,0,0,
 Amanda Sabourin,> 0%,1,0,0,1,1,0,0,1,1,,0,1,1,1,1,0,0,0,,0,,,0,,,0,0,,0
MTVStarsVOTES,none,0,0,,,,0,,,,,,0,,,,1,,0,0,,1,1,,0,0,,1,1,
 Brandon Kish,> 0%,1,0,0,1,1,1,1,,0,,0,0,0,,0,0,0,0,,0,,,0,,,0,0,,0
 Klaudia-s Stefańska,> 0%,1,0,0,1,1,1,1,,0,,0,0,0,1,1,0,0,0,,0,,,0,,,0,0,,0
CyiraLovell,none,0,0,,,,0,,,,,,0,,,,1,,1,1,,0,0,,0,0,,0,0,
  ` มาจิเด่ะเจบี ,> 0%,1,0,0,1,1,0,0,1,1,,0,1,1,1,1,0,0,0,,0,,,0,,,0,0,,0
 Яecoveгץ ,> 0%,1,0,0,1,1,0,0,1,1,,0,1,1,1,1,0,0,0,,0,,,0,,,0,0,,0
FuckableJustin,none,0,0,,,,0,,,,,,0,,,,3,,0,0,,3,1,,0,0,,3,1,
 ∞ MyAngels-MyLife ∞,> 0%,1,0,0,1,1,0,0,1,1,,0,1,1,1,1,0,0,0,,0,,,0,,,0,0,,0
 Euge Al Mando ,> 90%,2,0,0,2,1,0,0,2,1,,0,2,1,,0,0,0,0,,0,,,0,,,0,0,,0
 sueño cumplido♡,> 0%,1,0,0,1,1,0,0,1,1,,0,1,1,,0,0,0,0,,0,,,0,,,0,0,,0
 Anne,> 90%,2,0,0,2,1,0,0,2,1,,0,2,1,1,0.5,0,0,0,,0,,,0,,,0,0,,0
 #StoryOfMyLife,> 90%,2,0,0,2,1,0,0,2,1,,0,2,1,1,0.5,0,0,0,,0,,,0,,,0,0,,0
 imma put you down,> 0%,1,0,0,1,1,0,0,1,1,,0,1,1,1,1,0,0,0,,0,,,0,,,0,0,,0
 Stephany_Duarte,> 0%,1,0,0,1,1,0,0,1,1,,0,1,1,1,1,0,0,0,,0,,,0,,,0,0,,0
 SKITTLES,> 0%,1,0,0,1,1,1,1,,0,,0,0,0,,0,0,0,0,,0,,,0,,,0,0,,0
 SMILE JUSTIN :),> 0%,1,0,0,1,1,1,1,,0,,0,0,0,,0,0,0,0,,0,,,0,,,0,0,,0
 ♡star♡,> 0%,1,0,0,1,1,0,0,1,1,,0,1,1,1,1,0,0,0,,0,,,0,,,0,0,,0
selenagomez,none,0,0,,,,0,,,,,,0,,,,2,,2,1,,0,0,,0,0,,0,0,
 imane,> 0%,1,0,0,1,1,1,1,,0,,0,0,0,,0,0,0,0,,0,,,0,,,0,0,,0
MileyCyrus,none,0,0,,,,0,,,,,,0,,,,3,,1,0.333333,,2,0.666667,,0,0,,2,0.666667,
 #BELIEVETOURMÉXICO,> 90%,2,0,0,2,1,0,0,2,1,,0,2,1,2,1,0,0,0,,0,,,0,,,0,0,,0
 All Bad #MusicMonday,> 0%,1,0,0,1,1,0,0,1,1,,0,1,1,1,1,0,0,0,,0,,,0,,,0,0,,0
 alina ♡,> 0%,1,0,0,1,1,1,1,,0,,0,0,0,1,1,0,0,0,,0,,,0,,,0,0,,0
 ana,> 0%,1,0,0,1,1,0,0,1,1,,0,1,1,,0,0,0,0,,0,,,0,,,0,0,,0
 Sachleen,> 0%,1,0,0,1,1,0,0,1,1,,0,1,1,,0,0,0,0,,0,,,0,,,0,0,,0
 Sherihan.,> 0%,1,0,0,1,1,0,0,1,1,,0,1,1,1,1,0,0,0,,0,,,0,,,0,0,,0
IslandRecords,none,0,0,,,,0,,,,,,0,,,,2,,0,0,,2,1,,0,0,,2,1,
 Kerrin Gier,> 0%,1,0,0,1,1,0,0,1,1,,0,1,1,,0,0,0,0,,0,,,0,,,0,0,,0
 believemovie ,> 0%,1,0,0,1,1,1,1,,0,,0,0,0,,0,0,0,0,,0,,,0,,,0,0,,0
 I MET JUSTIN♥,> 90%,2,0,0,2,1,2,1,,0,,0,0,0,,0,0,0,0,,0,,,0,,,0,0,,0
 Feer Swaggy ,> 0%,1,0,0,1,1,0,0,1,1,,0,1,1,1,1,0,0,0,,0,,,0,,,0,0,,0
 Sean Hill ,> 0%,1,0,0,1,1,1,1,,0,,0,0,0,,0,0,0,0,,0,,,0,,,0,0,,0
 Ania Bieber,> 0%,1,0,0,1,1,0,0,1,1,,0,1,1,,0,0,0,0,,0,,,0,,,0,0,,0
 Ivana Tovar Alba,> 0%,1,0,0,1,1,1,1,,0,,0,0,0,,0,0,0,0,,0,,,0,,,0,0,,0
MatiasCaceres_R,none,0,0,,,,0,,,,,,0,,,,1,,0,0,,1,1,,0,0,,1,1,
 Luciana Gracia,> 0%,1,0,0,1,1,1,1,,0,,0,0,0,,0,0,0,0,,0,,,0,,,0,0,,0
 Tiffany Fisher,> 0%,1,0,0,1,1,1,1,,0,,0,0,0,,0,0,0,0,,0,,,0,,,0,0,,0
 ant,> 0%,1,0,0,1,1,1,1,,0,,0,0,0,,0,0,0,0,,0,,,0,,,0,0,,0
 maria,> 90%,2,0,0,2,1,0,0,2,1,,0,2,1,1,0.5,0,0,0,,0,,,0,,,0,0,,0
VEVO,none,0,0,,,,0,,,,,,0,,,,2,,0,0,,2,1,,0,0,,2,1,
 BELIEBER,> 90%,2,0,0,2,1,0,0,2,1,,0,2,1,,0,0,0,0,,0,,,0,,,0,0,,0
 JB's #MusicMondays,> 0%,1,0,0,1,1,1,1,,0,,0,0,0,,0,0,0,0,,0,,,0,,,0,0,,0
 Leslie Jimenez,> 0%,1,0,0,1,1,0,0,1,1,,0,1,1,1,1,0,0,0,,0,,,0,,,0,0,,0
LittleMixOffic,none,0,0,,,,0,,,,,,0,,,,1,,1,1,,0,0,,0,0,,0,0,
 BD2,> 0%,1,0,0,1,1,1,1,,0,,0,0,0,,0,0,0,0,,0,,,0,,,0,0,,0
 madu,> 0%,1,0,0,1,1,1,1,,0,,0,0,0,,0,0,0,0,,0,,,0,,,0,0,,0
WhiteNiggaJuju,none,0,0,,,,0,,,,,,0,,,,1,,1,1,,0,0,,0,0,,0,0,
 bizzle,> 0%,1,0,0,1,1,0,0,1,1,,0,1,1,1,1,0,0,0,,0,,,0,,,0,0,,0
 Vahe,> 99%,12,0,0,12,1,12,1,,0,,0,0,0,12,1,0,0,0,,0,,,0,,,0,0,,0
 mikaela perez,> 0%,1,0,0,1,1,1,1,,0,,0,0,0,,0,0,0,0,,0,,,0,,,0,0,,0
 HelpChangeTheWorld,> 0%,1,0,0,1,1,0,0,1,1,,0,1,1,1,1,0,0,0,,0,,,0,,,0,0,,0
BiebsNugget,none,0,0,,,,0,,,,,,0,,,,2,,0,0,,2,1,,0,0,,2,1,
 ally ,> 0%,1,0,0,1,1,0,0,1,1,,0,1,1,,0,0,0,0,,0,,,0,,,0,0,,0
 Ana Brooks✌️,> 0%,1,0,0,1,1,1,1,,0,,0,0,0,,0,0,0,0,,0,,,0,,,0,0,,0
 don't say ʝß,> 0%,1,0,0,1,1,0,0,1,1,,0,1,1,1,1,0,0,0,,0,,,0,,,0,0,,0
JBiebs22,none,0,0,,,,0,,,,,,0,,,,1,,0,0,,1,1,,0,0,,1,1,
 YOU FOUND ME JUSTIN,> 0%,1,0,0,1,1,0,0,1,1,,0,1,1,1,1,0,0,0,,0,,,0,,,0,0,,0
 Ciccio Bombo,> 0%,1,0,0,1,1,1,1,,0,,0,0,0,1,1,0,0,0,,0,,,0,,,0,0,,0
 happy b-day to me  ,> 0%,1,0,0,1,1,0,0,1,1,,0,1,1,,0,0,0,0,,0,,,0,,,0,0,,0
KarolinaKanikow,none,0,0,,,,0,,,,,,0,,,,1,,0,0,,1,1,,0,0,,1,1,
JBCrewdotcom,none,0,0,,,,0,,,,,,0,,,,7,,0,0,,7,1,,0,0,,7,1,
 Nadine Bieber ❤,> 0%,1,0,0,1,1,0,0,1,1,,0,1,1,1,1,0,0,0,,0,,,0,,,0,0,,0
 he gives me hope,> 0%,1,0,0,1,1,0,0,1,1,,0,1,1,1,1,0,0,0,,0,,,0,,,0,0,,0
ihstyls,none,0,0,,,,0,,,,,,0,,,,1,,0,0,,1,1,,0,0,,1,1,
 justin aka my life,> 0%,1,0,0,1,1,0,0,1,1,,0,1,1,,0,0,0,0,,0,,,0,,,0,0,,0
 ♡Story Of My Life♡,> 0%,1,0,0,1,1,0,0,1,1,,0,1,1,1,1,0,0,0,,0,,,0,,,0,0,,0
 PYD♔,> 90%,2,0,0,2,1,0,0,2,1,,0,2,1,1,0.5,0,0,0,,0,,,0,,,0,0,,0
 #13 Oiarso.,> 0%,1,0,0,1,1,0,0,1,1,,0,1,1,1,1,0,0,0,,0,,,0,,,0,0,,0
 Conor,> 0%,1,0,0,1,1,1,1,,0,,0,0,0,,0,0,0,0,,0,,,0,,,0,0,,0
rae_leighn_7,none,0,0,,,,0,,,,,,0,,,,1,,0,0,,1,1,,0,0,,1,1,
 #Music Mondays ,> 0%,1,0,0,1,1,1,1,,0,,0,0,0,,0,0,0,0,,0,,,0,,,0,0,,0
 sans identité. ,> 0%,1,0,0,1,1,0,0,1,1,,0,1,1,1,1,0,0,0,,0,,,0,,,0,0,,0
 NOVEMBER 18  ♡,> 0%,1,0,0,1,1,0,0,1,1,,0,1,1,1,1,0,0,0,,0,,,0,,,0,0,,0
 « my hero »,> 0%,1,0,0,1,1,0,0,1,1,,0,1,1,1,1,0,0,0,,0,,,0,,,0,0,,0
 B e l i e v e ♕ ,> 0%,1,0,0,1,1,0,0,1,1,,0,1,1,,0,0,0,0,,0,,,0,,,0,0,,0
 #Sueño Cumplido♥9-11,> 0%,1,0,0,1,1,0,0,1,1,,0,1,1,1,1,0,0,0,,0,,,0,,,0,0,,0
JustinPhrase,none,0,0,,,,0,,,,,,0,,,,1,,1,1,,0,0,,0,0,,0,0,
 18/11♥ #BT #PYD,> 0%,1,0,0,1,1,1,1,,0,,0,0,0,,0,0,0,0,,0,,,0,,,0,0,,0
 Georgina Belieber♥,> 99%,26,0,0,26,1,26,1,,0,,0,0,0,26,1,0,0,0,,0,,,0,,,0,0,,0
 Marie-Laure,> 0%,1,0,0,1,1,1,1,,0,,0,0,0,,0,0,0,0,,0,,,0,,,0,0,,0
niallsimple,none,0,0,,,,0,,,,,,0,,,,2,,2,1,,0,0,,0,0,,0,0,
 claudia,> 0%,1,0,0,1,1,1,1,,0,,0,0,0,,0,0,0,0,,0,,,0,,,0,0,,0
 ➰,> 0%,1,0,0,1,1,1,1,,0,,0,0,0,,0,0,0,0,,0,,,0,,,0,0,,0
 ▲,> 90%,3,0,0,3,1,0,0,3,1,,0,3,1,1,0.333333,0,0,0,,0,,,0,,,0,0,,0
Louis_Tomlinson,none,0,0,,,,0,,,,,,0,,,,2,,2,1,,0,0,,0,0,,0,0,
 Belive,> 0%,1,0,0,1,1,1,1,,0,,0,0,0,1,1,0,0,0,,0,,,0,,,0,0,,0
 Miss Bieber,> 0%,1,0,0,1,1,1,1,,0,,0,0,0,,0,0,0,0,,0,,,0,,,0,0,,0
 StoryOfMyLife xx,> 0%,1,0,0,1,1,0,0,1,1,,0,1,1,1,1,0,0,0,,0,,,0,,,0,0,,0
connorauhl,none,0,0,,,,0,,,,,,0,,,,1,,1,1,,0,0,,0,0,,0,0,
 1 Day,> 0%,1,0,0,1,1,1,1,,0,,0,0,0,,0,0,0,0,,0,,,0,,,0,0,,0
 ⚓ Claire❕,> 0%,1,0,0,1,1,0,0,1,1,,0,1,1,,0,0,0,0,,0,,,0,,,0,0,,0
 ily Kidrauhl ,> 0%,1,0,0,1,1,1,1,,0,,0,0,0,,0,0,0,0,,0,,,0,,,0,0,,0
adidas,none,0,0,,,,0,,,,,,0,,,,1,,1,1,,0,0,,0,0,,0,0,
 JUSTINNNNN!!! ,> 0%,1,0,0,1,1,0,0,1,1,,0,1,1,1,1,0,0,0,,0,,,0,,,0,0,,0
 Kaelin Sell,> 0%,1,0,0,1,1,0,0,1,1,,0,1,1,1,1,0,0,0,,0,,,0,,,0,0,,0
Celeste_E22,none,0,0,,,,0,,,,,,0,,,,1,,1,1,,0,0,,0,0,,0,0,
 DeMiNovio♥♥,> 0%,1,0,0,1,1,0,0,1,1,,0,1,1,1,1,0,0,0,,0,,,0,,,0,0,,0
 00:00:00:00,> 0%,1,0,0,1,1,0,0,1,1,,0,1,1,,0,0,0,0,,0,,,0,,,0,0,,0
 ♥November30th!♥ ,> 0%,1,0,0,1,1,0,0,1,1,,0,1,1,1,1,0,0,0,,0,,,0,,,0,0,,0
JustinSarah23,none,0,0,,,,0,,,,,,0,,,,1,,1,1,,0,0,,0,0,,0,0,
Mrs_KiaraBieber,none,0,0,,,,0,,,,,,0,,,,1,,1,1,,0,0,,0,0,,0,0,
 lucas.lucas.lucas.,> 0%,1,0,0,1,1,0,0,1,1,,0,1,1,1,1,0,0,0,,0,,,0,,,0,0,,0
tutsbieberr,none,0,0,,,,0,,,,,,0,,,,1,,1,1,,0,0,,0,0,,0,0,
jonmchu,none,0,0,,,,0,,,,,,0,,,,1,,0,0,,1,1,,0,0,,1,1,
SarahMOnline,none,0,0,,,,0,,,,,,0,,,,2,,0,0,,2,1,,0,0,,2,1,
NICKIMINAJ,none,0,0,,,,0,,,,,,0,,,,9,,9,1,,0,0,,0,0,,0,0,
 a y l a,> 0%,1,0,0,1,1,1,1,,0,,0,0,0,,0,0,0,0,,0,,,0,,,0,0,,0
thewanted,none,0,0,,,,0,,,,,,0,,,,9,,9,1,,0,0,,0,0,,0,0,
sofiasaavedraor,none,0,0,,,,0,,,,,,0,,,,1,,0,0,,1,1,,0,0,,1,1,
xniqueporto,none,0,0,,,,0,,,,,,0,,,,1,,0,0,,1,1,,0,0,,1,1,
 Cait Kennedy,> 0%,1,0,0,1,1,0,0,1,1,,0,1,1,,0,0,0,0,,0,,,0,,,0,0,,0
 ✝ Warrior ✝,> 0%,1,0,0,1,1,1,1,,0,,0,0,0,,0,0,0,0,,0,,,0,,,0,0,,0
 BIRTHDAY GIRL♡,> 0%,1,0,0,1,1,1,1,,0,,0,0,0,,0,0,0,0,,0,,,0,,,0,0,,0
justinbieber,none,0,0,,,,0,,,,,,0,,,,693,,567,0.818182,,126,0.181818,,0,0,,126,0.181818,
 sele suarez believe♥,> 90%,3,0,0,3,1,0,0,3,1,,0,3,1,3,1,0,0,0,,0,,,0,,,0,0,,0
 Rose Oxborough,> 0%,1,0,0,1,1,1,1,,0,,0,0,0,,0,0,0,0,,0,,,0,,,0,0,,0
 Xime Chicas,> 0%,1,0,0,1,1,0,0,1,1,,0,1,1,1,1,0,0,0,,0,,,0,,,0,0,,0
 ily,> 90%,3,0,0,3,1,0,0,3,1,,0,3,1,1,0.333333,0,0,0,,0,,,0,,,0,0,,0
chloeyoung___,none,0,0,,,,0,,,,,,0,,,,2,,2,1,,0,0,,0,0,,0,0,
 °Vanessa°,> 0%,1,0,0,1,1,0,0,1,1,,0,1,1,1,1,0,0,0,,0,,,0,,,0,0,,0
 Amy∞,> 0%,1,0,0,1,1,0,0,1,1,,0,1,1,,0,0,0,0,,0,,,0,,,0,0,,0
 Believe3DinBelgium ,> 0%,1,0,0,1,1,1,1,,0,,0,0,0,,0,0,0,0,,0,,,0,,,0,0,,0
 ☆mia styles,> 0%,1,0,0,1,1,1,1,,0,,0,0,0,,0,0,0,0,,0,,,0,,,0,0,,0
JessiBieber30,none,0,0,,,,0,,,,,,0,,,,4,,0,0,,4,1,,0,0,,4,1,
    Romina,> 0%,1,0,0,1,1,0,0,1,1,,0,1,1,1,1,0,0,0,,0,,,0,,,0,0,,0
keshasuxx,none,0,0,,,,0,,,,,,0,,,,1,,1,1,,0,0,,0,0,,0,0,
 put you down.,> 0%,1,0,0,1,1,0,0,1,1,,0,1,1,,0,0,0,0,,0,,,0,,,0,0,,0
 Thanks Justin ,> 0%,1,0,0,1,1,1,1,,0,,0,0,0,,0,0,0,0,,0,,,0,,,0,0,,0
MTVNews,none,0,0,,,,0,,,,,,0,,,,20,,0,0,,20,1,,0,0,,20,1,
 diIiIiiisHhAHA,> 90%,7,0,0,7,1,2,0.285714,5,0.714286,,0,5,0.714286,2,0.285714,0,0,0,,0,,,0,,,0,0,,0
ladygaga,none,0,0,,,,0,,,,,,0,,,,10,,10,1,,0,0,,0,0,,0,0,
 Justin,> 0%,1,0,0,1,1,1,1,,0,,0,0,0,,0,0,0,0,,0,,,0,,,0,0,,0
 Thank U Justin ♥!!,> 90%,5,0,0,5,1,0,0,5,1,,0,5,1,2,0.4,0,0,0,,0,,,0,,,0,0,,0
 Alex Escobar ,> 0%,1,0,0,1,1,1,1,,0,,0,0,0,,0,0,0,0,,0,,,0,,,0,0,,0
 MM SAMBANDO,> 0%,1,0,0,1,1,1,1,,0,,0,0,0,,0,0,0,0,,0,,,0,,,0,0,,0
 AbbieMegan,> 0%,1,0,0,1,1,0,0,1,1,,0,1,1,1,1,0,0,0,,0,,,0,,,0,0,,0
 carolina,> 0%,1,0,0,1,1,0,0,1,1,,0,1,1,1,1,0,0,0,,0,,,0,,,0,0,,0
 #Heartbreaker,> 90%,2,0,0,2,1,0,0,2,1,,0,2,1,,0,0,0,0,,0,,,0,,,0,0,,0
 ♡BELIEVE♡,> 0%,1,0,0,1,1,0,0,1,1,,0,1,1,1,1,0,0,0,,0,,,0,,,0,0,,0
 ϟSϟ,> 0%,1,0,0,1,1,1,1,,0,,0,0,0,,0,0,0,0,,0,,,0,,,0,0,,0
 fredos bae,> 0%,1,0,0,1,1,0,0,1,1,,0,1,1,1,1,0,0,0,,0,,,0,,,0,0,,0
 Bad Day ♥-♥,> 0%,1,0,0,1,1,0,0,1,1,,0,1,1,1,1,0,0,0,,0,,,0,,,0,0,,0
 vale swaggy,> 90%,3,0,0,3,1,0,0,3,1,,0,3,1,1,0.333333,0,0,0,,0,,,0,,,0,0,,0
 Oralia Bieber,> 0%,1,0,0,1,1,0,0,1,1,,0,1,1,1,1,0,0,0,,0,,,0,,,0,0,,0
 Arya_Miley ,> 0%,1,0,0,1,1,1,1,,0,,0,0,0,,0,0,0,0,,0,,,0,,,0,0,,0
isabieber_x,none,0,0,,,,0,,,,,,0,,,,1,,0,0,,1,1,,0,0,,1,1,
 JUSTIN NOTICE ME,> 0%,1,0,0,1,1,1,1,,0,,0,0,0,,0,0,0,0,,0,,,0,,,0,0,,0
 Courts-JB&THEVAMPS♥,> 90%,4,0,0,4,1,0,0,4,1,,0,4,1,1,0.25,0,0,0,,0,,,0,,,0,0,,0
TheeSeanHill,none,0,0,,,,0,,,,,,0,,,,1,,1,1,,0,0,,0,0,,0,0,
 Javiera Maturana ,> 0%,1,0,0,1,1,0,0,1,1,,0,1,1,,0,0,0,0,,0,,,0,,,0,0,,0
 jdb ,> 0%,1,0,0,1,1,0,0,1,1,,0,1,1,1,1,0,0,0,,0,,,0,,,0,0,,0
 kk,> 0%,1,0,0,1,1,0,0,1,1,,0,1,1,,0,0,0,0,,0,,,0,,,0,0,,0
 Audrey,> 0%,1,0,0,1,1,0,0,1,1,,0,1,1,1,1,0,0,0,,0,,,0,,,0,0,,0
 foreverabelieber,> 0%,1,0,0,1,1,0,0,1,1,,0,1,1,1,1,0,0,0,,0,,,0,,,0,0,,0
 Stefano ∞ Borroni,> 0%,1,1,1,,0,0,0,,0,,0,0,0,1,1,0,0,0,,0,,,0,,,0,0,,0
 #MusicMondays,> 90%,5,0,0,5,1,1,0.2,4,0.8,,0,4,0.8,4,0.8,0,0,0,,0,,,0,,,0,0,,0
 ASAC*,> 90%,2,0,0,2,1,0,0,2,1,,0,2,1,,0,0,0,0,,0,,,0,,,0,0,,0
 JustinsTiger;),> 0%,1,0,0,1,1,1,1,,0,,0,0,0,,0,0,0,0,,0,,,0,,,0,0,,0
kidrauhlwalesx,none,0,0,,,,0,,,,,,0,,,,2,,0,0,,2,1,,0,0,,2,1,
dankanter,none,0,0,,,,0,,,,,,0,,,,53,,8,0.150943,,45,0.849057,,0,0,,45,0.849057,
 JeNeE eRiKa,> 0%,1,0,0,1,1,0,0,1,1,,0,1,1,,0,0,0,0,,0,,,0,,,0,0,,0
Beyonce,none,0,0,,,,0,,,,,,0,,,,1,,1,1,,0,0,,0,0,,0,0,
 P Y D,> 90%,5,0,0,5,1,1,0.2,4,0.8,,0,4,0.8,2,0.4,0,0,0,,0,,,0,,,0,0,,0
Usher,none,0,0,,,,0,,,,,,0,,,,12,,12,1,,0,0,,0,0,,0,0,
 Bluue'! ♡,> 0%,1,0,0,1,1,0,0,1,1,,0,1,1,,0,0,0,0,,0,,,0,,,0,0,,0
 TODAY❤️❤️❤️❤️,> 0%,1,0,0,1,1,1,1,,0,,0,0,0,,0,0,0,0,,0,,,0,,,0,0,,0
AlfredoFlores,none,0,0,,,,0,,,,,,0,,,,108,,63,0.583333,,45,0.416667,,0,0,,45,0.416667,
 Isabelle_kidrauhl♥ ,> 90%,4,0,0,4,1,0,0,4,1,,0,4,1,2,0.5,0,0,0,,0,,,0,,,0,0,,0
 ❁☽ PYD ☾❁,> 0%,1,0,0,1,1,1,1,,0,,0,0,0,,0,0,0,0,,0,,,0,,,0,0,,0
 ليلي,> 0%,1,0,0,1,1,0,0,1,1,,0,1,1,1,1,0,0,0,,0,,,0,,,0,0,,0
 amy kaplan,> 0%,1,0,0,1,1,1,1,,0,,0,0,0,,0,0,0,0,,0,,,0,,,0,0,,0
 Sofiyah,> 0%,1,0,0,1,1,1,1,,0,,0,0,0,,0,0,0,0,,0,,,0,,,0,0,,0
 #ICanHelpYouBelieber,> 0%,1,0,0,1,1,1,1,,0,,0,0,0,,0,0,0,0,,0,,,0,,,0,0,,0
 SMILE ,> 90%,2,0,0,2,1,0,0,2,1,,0,2,1,2,1,0,0,0,,0,,,0,,,0,0,,0
 ITS @luluhoodx ,> 0%,1,0,0,1,1,0,0,1,1,,0,1,1,1,1,0,0,0,,0,,,0,,,0,0,,0
 -JazzySwaggy-,> 0%,1,0,0,1,1,0,0,1,1,,0,1,1,1,1,0,0,0,,0,,,0,,,0,0,,0
_cassidyxoxo,none,0,0,,,,0,,,,,,0,,,,1,,1,1,,0,0,,0,0,,0,0,
ChescaCostanza,none,0,0,,,,0,,,,,,0,,,,1,,0,0,,1,1,,0,0,,1,1,
 Half a heart  †,> 0%,1,0,0,1,1,1,1,,0,,0,0,0,,0,0,0,0,,0,,,0,,,0,0,,0
 Alone.,> 99%,18,0,0,18,1,18,1,,0,,0,0,0,,0,0,0,0,,0,,,0,,,0,0,,0
 Bad Day,> 0%,1,0,0,1,1,0,0,1,1,,0,1,1,1,1,0,0,0,,0,,,0,,,0,0,,0
 anna ,> 0%,1,0,0,1,1,0,0,1,1,,0,1,1,,0,0,0,0,,0,,,0,,,0,0,,0
tiffany4dancing,none,0,0,,,,0,,,,,,0,,,,1,,1,1,,0,0,,0,0,,0,0,
 ʝєииιfєɾ ℓåωɾєиçє.,> 0%,1,0,0,1,1,1,1,,0,,0,0,0,,0,0,0,0,,0,,,0,,,0,0,,0
 BELIEBER ,> 0%,1,0,0,1,1,0,0,1,1,,0,1,1,1,1,0,0,0,,0,,,0,,,0,0,,0
 #boyyoumine,> 0%,1,0,0,1,1,1,1,,0,,0,0,0,,0,0,0,0,,0,,,0,,,0,0,,0
zaynmalik,none,0,0,,,,0,,,,,,0,,,,3,,3,1,,0,0,,0,0,,0,0,
 ✨JUSTINBIEBER✨,> 0%,1,0,0,1,1,0,0,1,1,,0,1,1,1,1,0,0,0,,0,,,0,,,0,0,,0
 Nayara Alves,> 0%,1,0,0,1,1,0,0,1,1,,0,1,1,,0,0,0,0,,0,,,0,,,0,0,,0
 Put You Down (PYD),> 0%,1,0,0,1,1,1,1,,0,,0,0,0,1,1,0,0,0,,0,,,0,,,0,0,,0
 TOMMO ,> 90%,2,0,0,2,1,2,1,,0,,0,0,0,,0,0,0,0,,0,,,0,,,0,0,,0
 Celi,> 0%,1,0,0,1,1,1,1,,0,,0,0,0,,0,0,0,0,,0,,,0,,,0,0,,0
 Arooba Mansha ,> 0%,1,0,0,1,1,1,1,,0,,0,0,0,,0,0,0,0,,0,,,0,,,0,0,,0
 181113 Emis❤️,> 0%,1,0,0,1,1,0,0,1,1,,0,1,1,1,1,0,0,0,,0,,,0,,,0,0,,0
PerezHilton,none,0,0,,,,0,,,,,,0,,,,19,,11,0.578947,,8,0.421053,,0,0,,8,0.421053,
DaniellePeazer,none,0,0,,,,0,,,,,,0,,,,1,,0,0,,1,1,,0,0,,1,1,
 Polly,> 0%,1,0,0,1,1,1,1,,0,,0,0,0,,0,0,0,0,,0,,,0,,,0,0,,0
galifianakisz,none,0,0,,,,0,,,,,,0,,,,1,,1,1,,0,0,,0,0,,0,0,
 ❤NiGiNa❤,> 0%,1,0,0,1,1,1,1,,0,,0,0,0,,0,0,0,0,,0,,,0,,,0,0,,0
 cher,> 0%,1,0,0,1,1,0,0,1,1,,0,1,1,1,1,0,0,0,,0,,,0,,,0,0,,0
harleejudge_,none,0,0,,,,0,,,,,,0,,,,2,,2,1,,0,0,,0,0,,0,0,
 CODY SIMPSON,> 0%,1,0,0,1,1,0,0,1,1,,0,1,1,,0,0,0,0,,0,,,0,,,0,0,,0
JakeGarett,none,0,0,,,,0,,,,,,0,,,,1,,0,0,,1,1,,0,0,,1,1,
  Loßna xD ,> 0%,1,0,0,1,1,1,1,,0,,0,0,0,,0,0,0,0,,0,,,0,,,0,0,,0
JONBOOGIEE,none,0,0,,,,0,,,,,,0,,,,1,,0,0,,1,1,,0,0,,1,1,
 christina,> 0%,1,0,0,1,1,1,1,,0,,0,0,0,,0,0,0,0,,0,,,0,,,0,0,,0
 union j,> 0%,1,0,0,1,1,1,1,,0,,0,0,0,,0,0,0,0,,0,,,0,,,0,0,,0
 Yo + ☊ = Chau Mundo!,> 0%,1,0,0,1,1,0,0,1,1,,0,1,1,1,1,0,0,0,,0,,,0,,,0,0,,0
 Carson Southerland,> 0%,1,0,0,1,1,1,1,,0,,0,0,0,,0,0,0,0,,0,,,0,,,0,0,,0
 Believe Tour; 26 ♥,> 99%,9,0,0,9,1,9,1,,0,,0,0,0,,0,0,0,0,,0,,,0,,,0,0,,0
 Alanaaniicole,> 0%,1,0,0,1,1,1,1,,0,,0,0,0,,0,0,0,0,,0,,,0,,,0,0,,0
 Emilie/Emily,> 0%,1,0,0,1,1,0,0,1,1,,0,1,1,1,1,0,0,0,,0,,,0,,,0,0,,0
boiibelieber94,none,0,0,,,,0,,,,,,0,,,,1,,1,1,,0,0,,0,0,,0,0,
 S W A G †,> 0%,1,0,0,1,1,1,1,,0,,0,0,0,,0,0,0,0,,0,,,0,,,0,0,,0
reemsindan1,none,0,0,,,,0,,,,,,0,,,,1,,0,0,,1,1,,0,0,,1,1,
 Kidrauhl ❤,> 90%,2,0,0,2,1,0,0,2,1,,0,2,1,1,0.5,0,0,0,,0,,,0,,,0,0,,0
 Justin Bieber Fan,> 90%,3,0,0,3,1,0,0,3,1,,0,3,1,1,0.333333,0,0,0,,0,,,0,,,0,0,,0
adidasNEOLabel,none,0,0,,,,0,,,,,,0,,,,1,,1,1,,0,0,,0,0,,0,0,
 lastig,> 0%,1,0,0,1,1,1,1,,0,,0,0,0,,0,0,0,0,,0,,,0,,,0,0,,0
 Odeth ♥,> 90%,2,0,0,2,1,0,0,2,1,,0,2,1,,0,0,0,0,,0,,,0,,,0,0,,0
 astrid ♥,> 0%,1,0,0,1,1,0,0,1,1,,0,1,1,1,1,0,0,0,,0,,,0,,,0,0,,0
MindBlowing,none,0,0,,,,0,,,,,,0,,,,1,,1,1,,0,0,,0,0,,0,0,
MarioBautista_,none,0,0,,,,0,,,,,,0,,,,2,,0,0,,2,1,,0,0,,2,1,
 Forever Young,> 0%,1,0,0,1,1,1,1,,0,,0,0,0,1,1,0,0,0,,0,,,0,,,0,0,,0
 Kingrauhl.,> 0%,1,0,0,1,1,0,0,1,1,,0,1,1,,0,0,0,0,,0,,,0,,,0,0,,0
 story of my life ^_^,> 0%,1,0,0,1,1,0,0,1,1,,0,1,1,1,1,0,0,0,,0,,,0,,,0,0,,0
 evy,> 0%,1,0,0,1,1,0,0,1,1,,0,1,1,1,1,0,0,0,,0,,,0,,,0,0,,0
 Mollie Falcone,> 0%,1,1,1,,0,0,0,,0,,0,0,0,,0,0,0,0,,0,,,0,,,0,0,,0
 nick :),> 0%,1,1,1,,0,0,0,,0,,0,0,0,1,1,0,0,0,,0,,,0,,,0,0,,0
 justin ♡,> 0%,1,0,0,1,1,0,0,1,1,,0,1,1,1,1,0,0,0,,0,,,0,,,0,0,,0
 paula andrea medina,> 90%,2,0,0,2,1,2,1,,0,,0,0,0,,0,0,0,0,,0,,,0,,,0,0,,0
 Sara Swag Belieber,> 90%,4,0,0,4,1,0,0,4,1,,0,4,1,2,0.5,0,0,0,,0,,,0,,,0,0,,0
LA_Reid,none,0,0,,,,0,,,,,,0,,,,12,,12,1,,0,0,,0,0,,0,0,
 ☹ zayn ☹,> 0%,1,0,0,1,1,0,0,1,1,,0,1,1,,0,0,0,0,,0,,,0,,,0,0,,0
 ~мα∂∂ιє~,> 0%,1,0,0,1,1,0,0,1,1,,0,1,1,1,1,0,0,0,,0,,,0,,,0,0,,0
 weezy.,> 0%,1,0,0,1,1,0,0,1,1,,0,1,1,1,1,0,0,0,,0,,,0,,,0,0,,0
 Pau Lambert,> 90%,2,0,0,2,1,0,0,2,1,,0,2,1,,0,0,0,0,,0,,,0,,,0,0,,0
 26.10.2013♡,> 0%,1,0,0,1,1,0,0,1,1,,0,1,1,,0,0,0,0,,0,,,0,,,0,0,,0
 Иιαll'ѕ Gιяl ♡,> 0%,1,0,0,1,1,0,0,1,1,,0,1,1,,0,0,0,0,,0,,,0,,,0,0,,0
 C_L_BELIEBER♥,> 0%,1,0,0,1,1,1,1,,0,,0,0,0,,0,0,0,0,,0,,,0,,,0,0,,0
 Marília Barros,> 0%,1,0,0,1,1,0,0,1,1,,0,1,1,1,1,0,0,0,,0,,,0,,,0,0,,0
 francesca ⚓,> 0%,1,0,0,1,1,0,0,1,1,,0,1,1,,0,0,0,0,,0,,,0,,,0,0,,0
kidrxuhldrew,none,0,0,,,,0,,,,,,0,,,,1,,1,1,,0,0,,0,0,,0,0,
 Inne Hoebrekx,> 0%,1,0,0,1,1,0,0,1,1,,0,1,1,1,1,0,0,0,,0,,,0,,,0,0,,0
 Cumpli mi sueño,> 0%,1,0,0,1,1,0,0,1,1,,0,1,1,1,1,0,0,0,,0,,,0,,,0,0,,0
 DREW ,> 0%,1,0,0,1,1,0,0,1,1,,0,1,1,1,1,0,0,0,,0,,,0,,,0,0,,0
 Klaary Believe!,> 0%,1,0,0,1,1,0,0,1,1,,0,1,1,1,1,0,0,0,,0,,,0,,,0,0,,0
 #PYD♥ ,> 90%,2,0,0,2,1,0,0,2,1,,0,2,1,2,1,0,0,0,,0,,,0,,,0,0,,0
 Débora Fanti  ,> 0%,1,0,0,1,1,0,0,1,1,,0,1,1,,0,0,0,0,,0,,,0,,,0,0,,0
 Drew.,> 0%,1,0,0,1,1,0,0,1,1,,0,1,1,1,1,0,0,0,,0,,,0,,,0,0,,0
 lisa,> 0%,1,0,0,1,1,0,0,1,1,,0,1,1,,0,0,0,0,,0,,,0,,,0,0,,0
 Cody's Angel,> 0%,1,0,0,1,1,1,1,,0,,0,0,0,,0,0,0,0,,0,,,0,,,0,0,,0
chxneldick,none,0,0,,,,0,,,,,,0,,,,1,,1,1,,0,0,,0,0,,0,0,
 #teambieber,> 0%,1,0,0,1,1,0,0,1,1,,0,1,1,1,1,0,0,0,,0,,,0,,,0,0,,0
 Ana Lorena ∞  ✌,> 0%,1,0,0,1,1,0,0,1,1,,0,1,1,,0,0,0,0,,0,,,0,,,0,0,,0
 Only Justin♡,> 0%,1,0,0,1,1,0,0,1,1,,0,1,1,1,1,0,0,0,,0,,,0,,,0,0,,0
 Alejandra Lara,> 0%,1,0,0,1,1,0,0,1,1,,0,1,1,,0,0,0,0,,0,,,0,,,0,0,,0
 คิดถึงอิจัสที่สุดดดด,> 90%,2,0,0,2,1,0,0,2,1,,0,2,1,,0,0,0,0,,0,,,0,,,0,0,,0
 homosapien,> 0%,1,0,0,1,1,1,1,,0,,0,0,0,,0,0,0,0,,0,,,0,,,0,0,,0
 CHAMP.,> 0%,1,0,0,1,1,1,1,,0,,0,0,0,,0,0,0,0,,0,,,0,,,0,0,,0
 carmen,> 0%,1,0,0,1,1,0,0,1,1,,0,1,1,1,1,0,0,0,,0,,,0,,,0,0,,0
 #PYD,> 90%,4,0,0,4,1,2,0.5,2,0.5,,0,2,0.5,2,0.5,0,0,0,,0,,,0,,,0,0,,0
 Janiiel_,> 0%,1,0,0,1,1,0,0,1,1,,0,1,1,1,1,0,0,0,,0,,,0,,,0,0,,0
SamRfro,none,0,0,,,,0,,,,,,0,,,,1,,0,0,,1,1,,0,0,,1,1,
 rumors are bullshit.,> 0%,1,0,0,1,1,1,1,,0,,0,0,0,,0,0,0,0,,0,,,0,,,0,0,,0
supraniall,none,0,0,,,,0,,,,,,0,,,,2,,0,0,,2,1,,0,0,,2,1,
ZaynBiebs_,none,0,0,,,,0,,,,,,0,,,,2,,1,0.5,,1,0.5,,0,0,,1,0.5,
JeremyBieber,none,0,0,,,,0,,,,,,0,,,,4,,0,0,,4,1,,0,0,,4,1,
MTVUK,none,0,0,,,,0,,,,,,0,,,,8,,2,0.25,,6,0.75,,0,0,,6,0.75,
 Nery Jazmín. ,> 0%,1,0,0,1,1,0,0,1,1,,0,1,1,,0,0,0,0,,0,,,0,,,0,0,,0
 cgp,> 90%,3,0,0,3,1,0,0,3,1,,0,3,1,1,0.333333,0,0,0,,0,,,0,,,0,0,,0
 #STACHE ,> 0%,1,0,0,1,1,1,1,,0,,0,0,0,,0,0,0,0,,0,,,0,,,0,0,,0
 kelsey,> 90%,2,0,0,2,1,2,1,,0,,0,0,0,,0,0,0,0,,0,,,0,,,0,0,,0
iselin009,none,0,0,,,,0,,,,,,0,,,,1,,1,1,,0,0,,0,0,,0,0,
 DianaconD,> 0%,1,0,0,1,1,0,0,1,1,,0,1,1,1,1,0,0,0,,0,,,0,,,0,0,,0
 #salute ♡,> 0%,1,0,0,1,1,1,1,,0,,0,0,0,,0,0,0,0,,0,,,0,,,0,0,,0
 PYD ™,> 0%,1,0,0,1,1,1,1,,0,,0,0,0,,0,0,0,0,,0,,,0,,,0,0,,0
 Sarah ❤,> 0%,1,0,0,1,1,1,1,,0,,0,0,0,1,1,0,0,0,,0,,,0,,,0,0,,0
 Jerry,> 0%,1,0,0,1,1,0,0,1,1,,0,1,1,1,1,0,0,0,,0,,,0,,,0,0,,0
 lovee justin,> 90%,2,0,0,2,1,0,0,2,1,,0,2,1,1,0.5,0,0,0,,0,,,0,,,0,0,,0
 lucy pena,> 0%,1,0,0,1,1,1,1,,0,,0,0,0,,0,0,0,0,,0,,,0,,,0,0,,0
 I want to meet JB:'(,> 90%,5,0,0,5,1,0,0,5,1,,0,5,1,3,0.6,0,0,0,,0,,,0,,,0,0,,0
JelenaLiChen,none,0,0,,,,0,,,,,,0,,,,1,,0,0,,1,1,,0,0,,1,1,
 Luchy Loves 1D,> 0%,1,0,0,1,1,0,0,1,1,,0,1,1,1,1,0,0,0,,0,,,0,,,0,0,,0
shemalewezzy_,none,0,0,,,,0,,,,,,0,,,,1,,0,0,,1,1,,0,0,,1,1,
 ∞ 10•05•13 ∞,> 0%,1,0,0,1,1,1,1,,0,,0,0,0,,0,0,0,0,,0,,,0,,,0,0,,0
idk_pocito,none,0,0,,,,0,,,,,,0,,,,1,,1,1,,0,0,,0,0,,0,0,
 I saw Justin ,> 90%,3,0,0,3,1,0,0,3,1,,0,3,1,,0,0,0,0,,0,,,0,,,0,0,,0
 Ker / pyd,> 90%,2,0,0,2,1,1,0.5,1,0.5,,0,1,0.5,,0,0,0,0,,0,,,0,,,0,0,,0
 B.E.L.I.E.B.E.R,> 0%,1,0,0,1,1,1,1,,0,,0,0,0,,0,0,0,0,,0,,,0,,,0,0,,0
rooting4mybieby,none,0,0,,,,0,,,,,,0,,,,1,,0,0,,1,1,,0,0,,1,1,
 Daniela Castillo ,> 0%,1,0,0,1,1,1,1,,0,,0,0,0,,0,0,0,0,,0,,,0,,,0,0,,0
 sharni.,> 0%,1,0,0,1,1,1,1,,0,,0,0,0,,0,0,0,0,,0,,,0,,,0,0,,0
 Caitlin,> 0%,1,0,0,1,1,1,1,,0,,0,0,0,,0,0,0,0,,0,,,0,,,0,0,,0
 Lisa belieber (:,> 0%,1,0,0,1,1,1,1,,0,,0,0,0,,0,0,0,0,,0,,,0,,,0,0,,0
 PYD,> 99%,13,0,0,13,1,2,0.153846,11,0.846154,,0,11,0.846154,6,0.461538,0,0,0,,0,,,0,,,0,0,,0
 Gabi,> 90%,5,0,0,5,1,0,0,5,1,,0,5,1,3,0.6,0,0,0,,0,,,0,,,0,0,,0
avonsafter,none,0,0,,,,0,,,,,,0,,,,1,,1,1,,0,0,,0,0,,0,0,
 Milii Rufer,> 0%,1,0,0,1,1,0,0,1,1,,0,1,1,1,1,0,0,0,,0,,,0,,,0,0,,0
 Thanks Justin ♡》,> 0%,1,0,0,1,1,0,0,1,1,,0,1,1,1,1,0,0,0,,0,,,0,,,0,0,,0
 courteney,> 0%,1,0,0,1,1,0,0,1,1,,0,1,1,,0,0,0,0,,0,,,0,,,0,0,,0
 Believe In Bieber,> 0%,1,0,0,1,1,1,1,,0,,0,0,0,,0,0,0,0,,0,,,0,,,0,0,,0
 midch,> 0%,1,0,0,1,1,0,0,1,1,,0,1,1,,0,0,0,0,,0,,,0,,,0,0,,0
imhappytomyway,none,0,0,,,,0,,,,,,0,,,,1,,0,0,,1,1,,0,0,,1,1,
 Lu,> 0%,1,0,0,1,1,0,0,1,1,,0,1,1,1,1,0,0,0,,0,,,0,,,0,0,,0
 #badday ,> 0%,1,0,0,1,1,1,1,,0,,0,0,0,,0,0,0,0,,0,,,0,,,0,0,,0
 Deyglison ,> 0%,1,0,0,1,1,0,0,1,1,,0,1,1,1,1,0,0,0,,0,,,0,,,0,0,,0
DevotedBiebz,none,0,0,,,,0,,,,,,0,,,,2,,2,1,,0,0,,0,0,,0,0,
jossegregory,none,0,0,,,,0,,,,,,0,,,,1,,0,0,,1,1,,0,0,,1,1,
 Luisa Becerra JB ♥,> 0%,1,0,0,1,1,1,1,,0,,0,0,0,,0,0,0,0,,0,,,0,,,0,0,,0
 Lari,> 90%,2,0,0,2,1,0,0,2,1,,0,2,1,,0,0,0,0,,0,,,0,,,0,0,,0
 ♂12,> 0%,1,0,0,1,1,1,1,,0,,0,0,0,,0,0,0,0,,0,,,0,,,0,0,,0
 Thank You; Justin ♥,> 0%,1,0,0,1,1,1,1,,0,,0,0,0,,0,0,0,0,,0,,,0,,,0,0,,0
 Monica Morales,> 0%,1,0,0,1,1,0,0,1,1,,0,1,1,,0,0,0,0,,0,,,0,,,0,0,,0
 ☯ jdb ☯,> 0%,1,0,0,1,1,1,1,,0,,0,0,0,1,1,0,0,0,,0,,,0,,,0,0,,0
   thtstratfordboy  ,> 0%,1,0,0,1,1,0,0,1,1,,0,1,1,1,1,0,0,0,,0,,,0,,,0,0,,0
 ~Andy Oliden~♥ ,> 0%,1,0,0,1,1,0,0,1,1,,0,1,1,1,1,0,0,0,,0,,,0,,,0,0,,0
UMusicMexico,none,0,0,,,,0,,,,,,0,,,,3,,3,1,,0,0,,0,0,,0,0,
 jennifer,> 0%,1,0,0,1,1,0,0,1,1,,0,1,1,1,1,0,0,0,,0,,,0,,,0,0,,0
 jdbieber♡,> 0%,1,0,0,1,1,0,0,1,1,,0,1,1,1,1,0,0,0,,0,,,0,,,0,0,,0
 Ahtziri,> 0%,1,0,0,1,1,0,0,1,1,,0,1,1,,0,0,0,0,,0,,,0,,,0,0,,0
 Coco ❤,> 0%,1,0,0,1,1,0,0,1,1,,0,1,1,1,1,0,0,0,,0,,,0,,,0,0,,0
 beautful life,> 0%,1,0,0,1,1,1,1,,0,,0,0,0,,0,0,0,0,,0,,,0,,,0,0,,0
 Deaf Boy Belieber,> 0%,1,0,0,1,1,1,1,,0,,0,0,0,,0,0,0,0,,0,,,0,,,0,0,,0
 WE BELIEVE IN YOU JB,> 90%,2,0,0,2,1,0,0,2,1,,0,2,1,,0,0,0,0,,0,,,0,,,0,0,,0
 Perez Hilton,> 0%,1,0,0,1,1,1,1,,0,,0,0,0,,0,0,0,0,,0,,,0,,,0,0,,0
 katelyn,> 0%,1,0,0,1,1,1,1,,0,,0,0,0,,0,0,0,0,,0,,,0,,,0,0,,0
real_liam_payne,none,0,0,,,,0,,,,,,0,,,,2,,2,1,,0,0,,0,0,,0,0,
 belle ,> 90%,4,0,0,4,1,0,0,4,1,,0,4,1,4,1,0,0,0,,0,,,0,,,0,0,,0
 Smalls ,> 0%,1,0,0,1,1,0,0,1,1,,0,1,1,,0,0,0,0,,0,,,0,,,0,0,,0
 lucia chen_SG,> 0%,1,0,0,1,1,0,0,1,1,,0,1,1,,0,0,0,0,,0,,,0,,,0,0,,0
 I miss you Cory... ♡,> 0%,1,0,0,1,1,1,1,,0,,0,0,0,,0,0,0,0,,0,,,0,,,0,0,,0
 NicoleBelieber,> 90%,2,0,0,2,1,0,0,2,1,,0,2,1,,0,0,0,0,,0,,,0,,,0,0,,0
 31.10.13,> 0%,1,0,0,1,1,1,1,,0,,0,0,0,,0,0,0,0,,0,,,0,,,0,0,,0
 Perlaa Flores,> 90%,2,0,0,2,1,2,1,,0,,0,0,0,,0,0,0,0,,0,,,0,,,0,0,,0
 MrsIglesias xo,> 90%,2,0,0,2,1,0,0,2,1,,0,2,1,1,0.5,0,0,0,,0,,,0,,,0,0,,0
 Syahrul ,> 0%,1,0,0,1,1,1,1,,0,,0,0,0,,0,0,0,0,,0,,,0,,,0,0,,0
 Liizbeth Ü♥,> 0%,1,0,0,1,1,0,0,1,1,,0,1,1,1,1,0,0,0,,0,,,0,,,0,0,,0
nwtsbieber,none,0,0,,,,0,,,,,,0,,,,1,,1,1,,0,0,,0,0,,0,0,
 #BelieveMovie,> 0%,1,0,0,1,1,1,1,,0,,0,0,0,,0,0,0,0,,0,,,0,,,0,0,,0
 #MusicMondays!❤️,> 90%,2,0,0,2,1,1,0.5,1,0.5,,0,1,0.5,,0,0,0,0,,0,,,0,,,0,0,,0
 All Bad,> 90%,2,0,0,2,1,0,0,2,1,,0,2,1,2,1,0,0,0,,0,,,0,,,0,0,,0
 | TVRA |,> 0%,1,0,0,1,1,1,1,,0,,0,0,0,,0,0,0,0,,0,,,0,,,0,0,,0
taylorswift13,none,0,0,,,,0,,,,,,0,,,,2,,2,1,,0,0,,0,0,,0,0,
 Natalia Amezola,> 0%,1,0,0,1,1,0,0,1,1,,0,1,1,,0,0,0,0,,0,,,0,,,0,0,,0
  Brisa.,> 0%,1,0,0,1,1,0,0,1,1,,0,1,1,,0,0,0,0,,0,,,0,,,0,0,,0
harry_styles,none,0,0,,,,0,,,,,,0,,,,2,,2,1,,0,0,,0,0,,0,0,
 Be alright,> 0%,1,0,0,1,1,1,1,,0,,0,0,0,1,1,0,0,0,,0,,,0,,,0,0,,0
AlinaHabibiX3,none,0,0,,,,0,,,,,,0,,,,1,,0,0,,1,1,,0,0,,1,1,
 Emi nem,> 0%,1,0,0,1,1,0,0,1,1,,0,1,1,1,1,0,0,0,,0,,,0,,,0,0,,0
starlightdrxw,none,0,0,,,,0,,,,,,0,,,,1,,0,0,,1,1,,0,0,,1,1,
 ✝,> 0%,1,0,0,1,1,1,1,,0,,0,0,0,,0,0,0,0,,0,,,0,,,0,0,,0
 All bad.,> 0%,1,0,0,1,1,0,0,1,1,,0,1,1,1,1,0,0,0,,0,,,0,,,0,0,,0
 ☹aysha☹,> 0%,1,0,0,1,1,1,1,,0,,0,0,0,,0,0,0,0,,0,,,0,,,0,0,,0
 inactive bc school ,> 0%,1,0,0,1,1,0,0,1,1,,0,1,1,,0,0,0,0,,0,,,0,,,0,0,,0
NiallOfficial,none,0,0,,,,0,,,,,,0,,,,12,,7,0.583333,,5,0.416667,,0,0,,5,0.416667,
 $AMY$,> 0%,1,0,0,1,1,1,1,,0,,0,0,0,,0,0,0,0,,0,,,0,,,0,0,,0
mimiandjustinDB,none,0,0,,,,0,,,,,,0,,,,1,,0,0,,1,1,,0,0,,1,1,
  ❤Rebeca Fujisawa❤,> 0%,1,0,0,1,1,0,0,1,1,,0,1,1,1,1,0,0,0,,0,,,0,,,0,0,,0
 lisa marie,> 0%,1,0,0,1,1,1,1,,0,,0,0,0,1,1,0,0,0,,0,,,0,,,0,0,,0
takemywaist,none,0,0,,,,0,,,,,,0,,,,1,,0,0,,1,1,,0,0,,1,1,
 heartbreaker,> 0%,1,0,0,1,1,0,0,1,1,,0,1,1,,0,0,0,0,,0,,,0,,,0,0,,0
 maria gabriela,> 0%,1,0,0,1,1,1,1,,0,,0,0,0,,0,0,0,0,,0,,,0,,,0,0,,0
 Belieberˇ HOY,> 0%,1,0,0,1,1,0,0,1,1,,0,1,1,1,1,0,0,0,,0,,,0,,,0,0,,0
 Zaynab ♡ ‏,> 0%,1,0,0,1,1,1,1,,0,,0,0,0,,0,0,0,0,,0,,,0,,,0,0,,0
 Smile Kidrauhl,> 0%,1,0,0,1,1,0,0,1,1,,0,1,1,1,1,0,0,0,,0,,,0,,,0,0,,0
 ☯,> 0%,1,0,0,1,1,1,1,,0,,0,0,0,,0,0,0,0,,0,,,0,,,0,0,,0
 bru,> 0%,1,0,0,1,1,0,0,1,1,,0,1,1,,0,0,0,0,,0,,,0,,,0,0,,0
allisimpson,none,0,0,,,,0,,,,,,0,,,,1,,1,1,,0,0,,0,0,,0,0,
iamkim98,none,0,0,,,,0,,,,,,0,,,,1,,0,0,,1,1,,0,0,,1,1,
adammccumber,none,0,0,,,,0,,,,,,0,,,,1,,0,0,,1,1,,0,0,,1,1,
 JBelieber,> 90%,2,0,0,2,1,0,0,2,1,,0,2,1,1,0.5,0,0,0,,0,,,0,,,0,0,,0
 Chuck Bass ,> 0%,1,0,0,1,1,1,1,,0,,0,0,0,,0,0,0,0,,0,,,0,,,0,0,,0
 18/11/13 ,> 0%,1,0,0,1,1,0,0,1,1,,0,1,1,,0,0,0,0,,0,,,0,,,0,0,,0
Eminem,none,0,0,,,,0,,,,,,0,,,,1,,1,1,,0,0,,0,0,,0,0,
 Orii Castillo ♥∞ ,> 0%,1,0,0,1,1,1,1,,0,,0,0,0,,0,0,0,0,,0,,,0,,,0,0,,0
 MUSICMONDAYS,> 90%,6,0,0,6,1,1,0.166667,5,0.833333,,0,5,0.833333,3,0.5,0,0,0,,0,,,0,,,0,0,,0
 camilla,> 0%,1,0,0,1,1,1,1,,0,,0,0,0,,0,0,0,0,,0,,,0,,,0,0,,0
 NaJma A.,> 90%,2,0,0,2,1,1,0.5,1,0.5,,0,1,0.5,,0,0,0,0,,0,,,0,,,0,0,,0
 gabrielaosorio,> 0%,1,0,0,1,1,0,0,1,1,,0,1,1,,0,0,0,0,,0,,,0,,,0,0,,0
 Mayumi,> 90%,2,0,0,2,1,0,0,2,1,,0,2,1,,0,0,0,0,,0,,,0,,,0,0,,0
 ￣ε ￣,> 0%,1,0,0,1,1,1,1,,0,,0,0,0,1,1,0,0,0,,0,,,0,,,0,0,,0
 megan,> 0%,1,0,0,1,1,1,1,,0,,0,0,0,,0,0,0,0,,0,,,0,,,0,0,,0
NJBieberSwag,none,0,0,,,,0,,,,,,0,,,,1,,0,0,,1,1,,0,0,,1,1,
BieberMelbourne,none,0,0,,,,0,,,,,,0,,,,1,,0,0,,1,1,,0,0,,1,1,
 Raeanne ,> 0%,1,0,0,1,1,1,1,,0,,0,0,0,,0,0,0,0,,0,,,0,,,0,0,,0
 Bad Day†,> 0%,1,0,0,1,1,0,0,1,1,,0,1,1,,0,0,0,0,,0,,,0,,,0,0,,0
 ☯ Kidrauhl ☯,> 0%,1,0,0,1,1,0,0,1,1,,0,1,1,1,1,0,0,0,,0,,,0,,,0,0,,0
 ॐ,> 0%,1,0,0,1,1,0,0,1,1,,0,1,1,,0,0,0,0,,0,,,0,,,0,0,,0
 #BelieveTourMexico ,> 90%,2,0,0,2,1,0,0,2,1,,0,2,1,1,0.5,0,0,0,,0,,,0,,,0,0,,0
 Nichole Sánchez ♡,> 0%,1,0,0,1,1,1,1,,0,,0,0,0,1,1,0,0,0,,0,,,0,,,0,0,,0
 megan webster:),> 0%,1,0,0,1,1,0,0,1,1,,0,1,1,1,1,0,0,0,,0,,,0,,,0,0,,0
 Sophia&Enrique,> 0%,1,0,0,1,1,0,0,1,1,,0,1,1,,0,0,0,0,,0,,,0,,,0,0,,0
 Justine Jarel Laoit♔,> 90%,2,0,0,2,1,1,0.5,1,0.5,,0,1,0.5,,0,0,0,0,,0,,,0,,,0,0,,0
 Cecilia Bodin,> 0%,1,0,0,1,1,0,0,1,1,,0,1,1,1,1,0,0,0,,0,,,0,,,0,0,,0
 Rex,> 0%,1,0,0,1,1,0,0,1,1,,0,1,1,1,1,0,0,0,,0,,,0,,,0,0,,0
 THANK YOU JUSTIN,> 90%,2,0,0,2,1,0,0,2,1,,0,2,1,,0,0,0,0,,0,,,0,,,0,0,,0
 I love you Esther ♡,> 0%,1,0,0,1,1,0,0,1,1,,0,1,1,,0,0,0,0,,0,,,0,,,0,0,,0
 Sol Bieber Dragseth,> 90%,2,0,0,2,1,2,1,,0,,0,0,0,1,0.5,0,0,0,,0,,,0,,,0,0,,0
  ☠PYD☠,> 0%,1,0,0,1,1,0,0,1,1,,0,1,1,1,1,0,0,0,,0,,,0,,,0,0,,0
 Anne Jay Beebs,> 0%,1,0,0,1,1,1,1,,0,,0,0,0,,0,0,0,0,,0,,,0,,,0,0,,0
 ♡ I saw Justin ♡,> 0%,1,0,0,1,1,1,1,,0,,0,0,0,,0,0,0,0,,0,,,0,,,0,0,,0
Justinu_bieber,none,0,0,,,,0,,,,,,0,,,,1,,0,0,,1,1,,0,0,,1,1,
kiarraparish,none,0,0,,,,0,,,,,,0,,,,1,,1,1,,0,0,,0,0,,0,0,
 #AllBad,> 0%,1,0,0,1,1,1,1,,0,,0,0,0,1,1,0,0,0,,0,,,0,,,0,0,,0
 Itxel_Reyes_JB,> 0%,1,0,0,1,1,1,1,,0,,0,0,0,,0,0,0,0,,0,,,0,,,0,0,,0
 Marita Enciso,> 0%,1,0,0,1,1,0,0,1,1,,0,1,1,,0,0,0,0,,0,,,0,,,0,0,,0
 smilejustin,> 90%,2,0,0,2,1,0,0,2,1,,0,2,1,2,1,0,0,0,,0,,,0,,,0,0,,0
 Dana ❤️,> 0%,1,0,0,1,1,1,1,,0,,0,0,0,,0,0,0,0,,0,,,0,,,0,0,,0
rkelly,none,0,0,,,,0,,,,,,0,,,,19,,18,0.947368,,1,0.0526316,,0,0,,1,0.0526316,
scooterbraun,none,0,0,,,,0,,,,,,0,,,,92,,26,0.282609,,66,0.717391,,0,0,,66,0.717391,
peachyavon,none,0,0,,,,0,,,,,,0,,,,1,,0,0,,1,1,,0,0,,1,1,
 Justin Bieber News,> 0%,1,1,1,,0,0,0,,0,,0,0,0,1,1,0,0,0,,0,,,0,,,0,0,,0
 lovebieberrr,> 90%,5,0,0,5,1,5,1,,0,,0,0,0,1,0.2,0,0,0,,0,,,0,,,0,0,,0
 Te amo Justin  ♥ εїз,> 0%,1,0,0,1,1,1,1,,0,,0,0,0,,0,0,0,0,,0,,,0,,,0,0,,0
 BELEN,> 0%,1,0,0,1,1,0,0,1,1,,0,1,1,,0,0,0,0,,0,,,0,,,0,0,,0
onkidrauhlsway,none,0,0,,,,0,,,,,,0,,,,1,,0,0,,1,1,,0,0,,1,1,
 ABRAHAM TEQUIERO❤️,> 0%,1,0,0,1,1,0,0,1,1,,0,1,1,,0,0,0,0,,0,,,0,,,0,0,,0
F3FO17,none,0,0,,,,0,,,,,,0,,,,1,,0,0,,1,1,,0,0,,1,1,
 Dasha,> 0%,1,0,0,1,1,1,1,,0,,0,0,0,,0,0,0,0,,0,,,0,,,0,0,,0
 Bruno Today ❤️,> 0%,1,0,0,1,1,0,0,1,1,,0,1,1,1,1,0,0,0,,0,,,0,,,0,0,,0
  Love u Justin ♥,> 0%,1,0,0,1,1,0,0,1,1,,0,1,1,,0,0,0,0,,0,,,0,,,0,0,,0
 I'm here for Justin,> 90%,4,0,0,4,1,0,0,4,1,,0,4,1,2,0.5,0,0,0,,0,,,0,,,0,0,,0
 JB&UnionJ&Thevamps❤️,> 0%,1,0,0,1,1,1,1,,0,,0,0,0,,0,0,0,0,,0,,,0,,,0,0,,0
 [Ms.Bieber],> 0%,1,0,0,1,1,0,0,1,1,,0,1,1,,0,0,0,0,,0,,,0,,,0,0,,0
 PYD JUSTIN BIEBER,> 0%,1,0,0,1,1,0,0,1,1,,0,1,1,1,1,0,0,0,,0,,,0,,,0,0,,0
 ma,> 0%,1,0,0,1,1,1,1,,0,,0,0,0,,0,0,0,0,,0,,,0,,,0,0,,0
 PYD feat R.Kelly,> 0%,1,0,0,1,1,0,0,1,1,,0,1,1,,0,0,0,0,,0,,,0,,,0,0,,0
CodySimpson,none,0,0,,,,0,,,,,,0,,,,1,,1,1,,0,0,,0,0,,0,0,
 12/26/13 :) ,> 0%,1,0,0,1,1,0,0,1,1,,0,1,1,1,1,0,0,0,,0,,,0,,,0,0,,0
 Dαяi♪,> 0%,1,0,0,1,1,1,1,,0,,0,0,0,,0,0,0,0,,0,,,0,,,0,0,,0
 Midnight memories♡,> 0%,1,0,0,1,1,0,0,1,1,,0,1,1,1,1,0,0,0,,0,,,0,,,0,0,,0
 Thaynara Oliveira,> 0%,1,0,0,1,1,0,0,1,1,,0,1,1,1,1,0,0,0,,0,,,0,,,0,0,,0
 Karuo,> 90%,2,0,0,2,1,0,0,2,1,,0,2,1,1,0.5,0,0,0,,0,,,0,,,0,0,,0
 18/11/13 & 19/11/13 ,> 0%,1,0,0,1,1,0,0,1,1,,0,1,1,1,1,0,0,0,,0,,,0,,,0,0,,0
 All bad & soml:-*!,> 0%,1,0,0,1,1,1,1,,0,,0,0,0,,0,0,0,0,,0,,,0,,,0,0,,0
 My dream♥,> 0%,1,0,0,1,1,0,0,1,1,,0,1,1,,0,0,0,0,,0,,,0,,,0,0,,0
 Jeepsen.,> 90%,2,0,0,2,1,0,0,2,1,,0,2,1,1,0.5,0,0,0,,0,,,0,,,0,0,,0
 Mariana,> 0%,1,0,0,1,1,0,0,1,1,,0,1,1,,0,0,0,0,,0,,,0,,,0,0,,0
 Mac,> 0%,1,0,0,1,1,1,1,,0,,0,0,0,1,1,0,0,0,,0,,,0,,,0,0,,0
 hold tight.,> 0%,1,0,0,1,1,0,0,1,1,,0,1,1,1,1,0,0,0,,0,,,0,,,0,0,,0
 luisa fernanda,> 0%,1,0,0,1,1,1,1,,0,,0,0,0,,0,0,0,0,,0,,,0,,,0,0,,0
 rose ,> 0%,1,0,0,1,1,0,0,1,1,,0,1,1,,0,0,0,0,,0,,,0,,,0,0,,0
 Kidrauhl,> 0%,1,0,0,1,1,0,0,1,1,,0,1,1,1,1,0,0,0,,0,,,0,,,0,0,,0
 jdb,> 0%,1,0,0,1,1,0,0,1,1,,0,1,1,,0,0,0,0,,0,,,0,,,0,0,,0
 Cate Ayala ,> 0%,1,0,0,1,1,0,0,1,1,,0,1,1,,0,0,0,0,,0,,,0,,,0,0,,0
 ♥ I MET JUSTIN ♥,> 0%,1,0,0,1,1,0,0,1,1,,0,1,1,1,1,0,0,0,,0,,,0,,,0,0,,0
 Carly ☯,> 0%,1,0,0,1,1,1,1,,0,,0,0,0,,0,0,0,0,,0,,,0,,,0,0,,0
 follow me luke ?(:,> 0%,1,0,0,1,1,0,0,1,1,,0,1,1,,0,0,0,0,,0,,,0,,,0,0,,0
 Paula D'Amore,> 0%,1,0,0,1,1,0,0,1,1,,0,1,1,1,1,0,0,0,,0,,,0,,,0,0,,0
 shahad,> 0%,1,0,0,1,1,0,0,1,1,,0,1,1,1,1,0,0,0,,0,,,0,,,0,0,,0
 just a girl,> 0%,1,0,0,1,1,0,0,1,1,,0,1,1,1,1,0,0,0,,0,,,0,,,0,0,,0
BeautyOfJDB,none,0,0,,,,0,,,,,,0,,,,1,,0,0,,1,1,,0,0,,1,1,
ArianaGrande,none,0,0,,,,0,,,,,,0,,,,2,,2,1,,0,0,,0,0,,0,0,
 Kidrauhlbieber,> 90%,4,0,0,4,1,0,0,4,1,,0,4,1,4,1,0,0,0,,0,,,0,,,0,0,,0
 Belieber♡,> 0%,1,0,0,1,1,1,1,,0,,0,0,0,,0,0,0,0,,0,,,0,,,0,0,,0
 Minasty3,> 0%,1,0,0,1,1,0,0,1,1,,0,1,1,,0,0,0,0,,0,,,0,,,0,0,,0
 MUSIC MODAYS!!!!!!,> 0%,1,0,0,1,1,0,0,1,1,,0,1,1,1,1,0,0,0,,0,,,0,,,0,0,,0
 Madstermalikbieber ,> 0%,1,0,0,1,1,1,1,,0,,0,0,0,,0,0,0,0,,0,,,0,,,0,0,,0
BelieveMovie,none,0,0,,,,0,,,,,,0,,,,2,,1,0.5,,1,0.5,,0,0,,1,0.5,
 Demiiiiii,> 90%,2,0,0,2,1,1,0.5,1,0.5,,0,1,0.5,,0,0,0,0,,0,,,0,,,0,0,,0
 Smile Kidrauhl ,> 99%,13,0,0,13,1,12,0.923077,1,0.0769231,,0,1,0.0769231,1,0.0769231,0,0,0,,0,,,0,,,0,0,,0
 #JustinVisitKate ♡ ,> 0%,1,0,0,1,1,0,0,1,1,,0,1,1,,0,0,0,0,,0,,,0,,,0,0,,0
 Joana Styles ✌,> 0%,1,0,0,1,1,1,1,,0,,0,0,0,,0,0,0,0,,0,,,0,,,0,0,,0
 Jonny ☁,> 0%,1,0,0,1,1,0,0,1,1,,0,1,1,1,1,0,0,0,,0,,,0,,,0,0,,0
